Type product;Brand;Model;Min price;Max price;Num offers;URL
Televisor;Philips;55OLED705;23 590;24 999 Kč;v 11 obchodech;https://3b03526a0dbc2e6018e63348d8d47352.heureka.cz/0/31855.click?tt=c63e9eee964e2ddb134c835f0cecfa584195c044a9d5bdbc765fc16fd264bfe52f953ca93b31d0bc2b6f6e3a257680ad589b2e5989054774fc26603dc4eb94ba0260fafd0084cebe6df04c68465977c53df30b87dce27c31ed442baacdabf114d60d74ec951a5c983ab3f4f8199bff289d44d622a3d445f813079340a52cd10e0e22357f2554b419a7d2a837ce211013fe5da74918b0d75a3767b94d3930e781c8e469fc2d0f5008dca3b4551904ef1a3020ed75e1bbfc78c6473384f7f2a936a93029acf712be17ab216558e66d92ee0da16880e12bea5aba92c9000cf8dc641d986361e9a4bb3b5330e5909ca0726135128f663e0c517291006bc70acd29e8f9cfff018e631fb903d09762c6d64cf8bf114403ff25da1818c95462201e4e02f1a2fe7472870d32c7e6a5fd3615b22d6f864cc2a653ee4951035dff57b1168a05c30ff9fe0607e295753aed84789b50a77660782ee75c5a16e793ed959743e3d7ffc90d80601beedd3beb92c6006f8207dd387d477dc3f97164bd7a61000fb397fc718d7c7fe24e3c8a855a88851be552c415f80bafd7ed519cfe28f3dd317ea996dfff1065f750200284609e4254fc5873402a0bd52e20a4e2e95a349e189ff3509fdc3835ce9f0728d3d54534344184e4e939880968cf41feb1fdc2cfb723ab16954abe821577a0f21b4d41976b7890d2bfa715f8aa3a37571d2640c521d4d52b7dd4b93da7a1841e4f502772fec60e1ade61c14d47aedc1375165133ffbf&positionId=category_advert_pos0&removedProducts=&guid=d688f813-aec2-4e03-bad1-1c27b0e05b5e&m=0
Televisor;Samsung;UE43TU7172;8 990;11 990 Kč;v 29 obchodech;https://televize.heureka.cz/samsung-ue43tu7172/
Televisor;LG;OLED55CX;26 732;62 909 Kč;v 32 obchodech;https://televize.heureka.cz/lg-oled55cx/
Televisor;Philips;58PUS8555;16 686;32 822 Kč;v 5 obchodech;https://3b03526a0dbc2e6018e63348d8d47352.heureka.cz/0/31856.click?tt=c63e9eee964e2ddb134c835f0cecfa584195c044a9d5bdbc765fc16fd264bfe52f953ca93b31d0bc2b6f6e3a257680ad589b2e5989054774fc26603dc4eb94ba0260fafd0084cebe6df04c68465977c5f6cc118ae31c30c3bbcda5245675306805fe4a50f0567b9b63aaee4abc4bf2c93f2d66dd9a6bd690de6df2ce35b5be73b6cdf2f3f29149ef643bcc0d08d942f8ac7c3a6245cf609ba865f5e756a52a3bd848e62d5a33c85581138b9ab94f8aaf33110459c6c65131989dbe0ad91b6de050c2b49da7ba3311a618160db8e2dbbe64fb4c46051fb56fd3d097e8f28f4ccfff0f267a853349b0c6ee5aeb465950e42c3e29dbae657568e5b968e804f4dab4a9e0e71671c83485d2a2b86b3b867c0cf0cd97ea467c7f07a2e7e6c7eb574ed7e84c695a16563e243bd44e56e673189c6c3584d4b5bee198e854ae8800da15b3c56841a6b7ef08b5f6246e68fc84e422f47fed652891ff801ec463ce24a177670ff696f4e0bcb6100459cc695111e3b2dc3143e139a0670c96fdc8f7a01f7f90fac6db25f67f712d85a64faf5eb2bd0c26992c04deb7d88ebf28c69c31fc6682e94ab5057c2c97e2c3fad949539264a02758748ed2c40bb5b0d544980753146b352082cdb33e9da43da5352877fbbb021788f1cebf768b4138144ef4b445c450556c252d22e81a9db49ee12145db04cf0631512d8f69d626f4f2425166f01ef661e39af2bc150136dcfd9f307ad737868954a99dea91ffb235117fd3254ad059&positionId=category_advert_pos1&removedProducts=&guid=147f1b9c-3464-4bbf-836e-c99e2d2da3bc&m=0
Televisor;Samsung;QE50Q64T;12 733;18 990 Kč;v 40 obchodech;https://televize.heureka.cz/samsung-qe50q64t/
Televisor;Samsung;QE55Q64T;14 618;20 990 Kč;v 22 obchodech;https://televize.heureka.cz/samsung-qe55q64t/
Televisor;Panasonic;TX-55HZ980E;27 436;29 990 Kč;v 12 obchodech;https://3b03526a0dbc2e6018e63348d8d47352.heureka.cz/0/31824.click?tt=c63e9eee964e2ddb134c835f0cecfa584195c044a9d5bdbc765fc16fd264bfe52f953ca93b31d0bc2b6f6e3a257680ad589b2e5989054774fc26603dc4eb94ba0260fafd0084cebe6df04c68465977c575a68864149bbd229dad008bf89037d7ed13d049259d3c867f901b4c1efda157718e92a0e00bd242b4895c08786a23124bca629c51aefd1cc7c94d20d87610fc217cd6eb1fbe000dd869821b0bc931f9df33796aab31b355eb3a945cb1145a07c2e9f47d511258651d42d97faf2c1296d190f73bb40be9cac3de93e698da9cee36222bcb5d25df1abc9bca5f125fac056b1a4c9f38175b4ef57d18e7617823880811aa581db008d921b2ad500b80bf3347d783cf84f8fd830ab818be2c86d6d244155c11cdc0993c4dc739202f122a9e750d84dcbda9575f22d7de585e612db8202d6893ef0aad62f722dc919a46c1a5dd647b7358602b029eb74e08de208fec967a9ef8025a35442ce8db8cb387798ea482552fa021248f633dbcf86de0ff0e217f98ae8165df4a8944de1f6889e191be37b3cc2d65179f8d226f9e18396ee9cd63444cbe43b4c82cabf908322ae562959393ab5f96cdc61cc597d93f8c197a3280eda057c59200369105bcd990b49a1cc962d9578cfd52898df5ebdca949f501112363228e0502097108000c3892c11ed86974f18c3e4943dd80c5a114ddac468637706520df80b828a652c62d36216035129f5adbf4763d832e481acae4a7ad0750154e5e686ef63a16a6acf93ac2&positionId=category_advert_pos2&removedProducts=&guid=07607005-f19b-44d9-bdee-4887da84c6be&m=0
Televisor;LG;55UN7100;9 758;14 958 Kč;v 32 obchodech;https://televize.heureka.cz/lg-55un7100/
Televisor;Samsung;QE55Q80T;21 184;29 990 Kč;v 61 obchodech;https://televize.heureka.cz/samsung-qe55q80t/
Televisor;LG;49UN7100;8 780;13 062 Kč;v 37 obchodech;https://televize.heureka.cz/lg-49un7100/
Televisor;Samsung;UE55TU7172;10 990;14 490 Kč;v 6 obchodech;https://televize.heureka.cz/samsung-ue55tu7172/
Televisor;LG;OLED55BX;23 305;29 022 Kč;v 35 obchodech;https://televize.heureka.cz/lg-oled55bx/
Televisor;LG;OLED65CX;40 990;139 453 Kč;v 22 obchodech;https://televize.heureka.cz/lg-oled65cx/
Televisor;Samsung;QE43Q64T;12 543;15 739 Kč;v 14 obchodech;https://televize.heureka.cz/samsung-qe43q64t/
Televisor;LG;55NANO79;10 665;14 990 Kč;v 22 obchodech;https://televize.heureka.cz/lg-55nano79/
Televisor;Samsung;UE50TU8502;11 219;15 990 Kč;v 15 obchodech;https://televize.heureka.cz/samsung-ue50tu8502/
Televisor;Samsung;QE65Q64T;20 888;27 092 Kč;v 37 obchodech;https://televize.heureka.cz/samsung-qe65q64t/
Televisor;Samsung;UE55TU7092;11 379;13 644 Kč;v 75 obchodech;https://televize.heureka.cz/samsung-ue55tu7092/
Televisor;Samsung;QE65Q80T;29 697;39 990 Kč;v 15 obchodech;https://televize.heureka.cz/samsung-qe65q80t/
Televisor;Samsung;UE32T4302;5 627;7 029 Kč;v 28 obchodech;https://televize.heureka.cz/samsung-ue32t4302/
Televisor;LG;43NANO79;9 848;13 703 Kč;v 7 obchodech;https://televize.heureka.cz/lg-43nano79/
Televisor;LG;55NANO86;13 756;27 990 Kč;v 9 obchodech;https://televize.heureka.cz/lg-55nano86/
Televisor;LG;43UN7400;8 850;11 294 Kč;v 22 obchodech;https://televize.heureka.cz/lg-43un7400/
Televisor;LG;49NANO86;14 990;19 990 Kč;v 12 obchodech;https://televize.heureka.cz/lg-49nano86/
Televisor;Philips;50PUS8505;12 521;32 789 Kč;v 34 obchodech;https://televize.heureka.cz/philips-50pus8505/
Televisor;LG;OLED65BX3LB;35 190;41 246 Kč;v 27 obchodech;https://televize.heureka.cz/lg-oled65bx3lb/
Televisor;LG;65NANO79;14 490;18 288 Kč;v 14 obchodech;https://televize.heureka.cz/lg-65nano79/
Televisor;LG;32LM550B;4 195;5 289 Kč;v 21 obchodech;https://televize.heureka.cz/lg-32lm550b/
Televisor;LG;43UN7100;8 990;10 299 Kč;v 7 obchodech;https://televize.heureka.cz/lg-43un7100/
Televisor;Sencor;SPV;2 790;3 490 Kč;v 48 obchodech;https://televize.heureka.cz/sencor-spv-7012t/
Televisor;Samsung;UE50TU7092;10 251;11 475 Kč;v 46 obchodech;https://televize.heureka.cz/samsung-ue50tu7092/
Televisor;LG;55NANO91;19 990;35 990 Kč;ve 2 obchodech;https://televize.heureka.cz/lg-55nano91/
Televisor;LG;60UN7100;11 990;12 990 Kč;v 5 obchodech;https://televize.heureka.cz/lg-60un7100/
Televisor;Philips;43PUS8505;11 760;18 990 Kč;v 32 obchodech;https://televize.heureka.cz/philips-43pus8505/
Televisor;LG;32LM6300;6 890;7 999 Kč;v 18 obchodech;https://televize.heureka.cz/lg-32lm6300/
Televisor;Sencor;SLE;3 569;5 490 Kč;v 17 obchodech;https://televize.heureka.cz/sencor-sle-3260t/
Televisor;Samsung;UE55TU8072;12 099;16 990 Kč;v 38 obchodech;https://televize.heureka.cz/samsung-ue55tu8072/
Televisor;LG;65UN7100;13 490;18 951 Kč;v 20 obchodech;https://televize.heureka.cz/lg-65un7100/
Televisor;LG;65NANO91;24 990;49 990 Kč;v 9 obchodech;https://televize.heureka.cz/lg-65nano91/
Televisor;Samsung;QE65Q70T;24 496;28 440 Kč;v 18 obchodech;https://televize.heureka.cz/samsung-qe65q70t/
Televisor;Samsung;UE43TU8072;9 977;12 453 Kč;v 20 obchodech;https://televize.heureka.cz/samsung-ue43tu8072/
Televisor;LG;65NANO90;25 990;35 990 Kč;ve 2 obchodech;https://televize.heureka.cz/lg-65nano90/
Televisor;LG;50NANO793NE;9 890;11 980 Kč;v 12 obchodech;https://televize.heureka.cz/lg-50nano793ne/
Televisor;Samsung;UE65TU7092UXXH;14 947;18 145 Kč;v 59 obchodech;https://televize.heureka.cz/samsung-ue65tu7092uxxh/
Televisor;Samsung;UE65TU7172;16 350 Kč;no max price;velektro Műller;https://www.heureka.cz/exit/elektro-muller-cz/4235566791/?z=48
Televisor;LG;32LM6370;7 490;10 048 Kč;v 14 obchodech;https://televize.heureka.cz/lg-32lm6370/
Televisor;LG;55NANO80;12 985;26 990 Kč;v 39 obchodech;https://televize.heureka.cz/lg-55nano80/
Televisor;Samsung;QE55Q70T;19 990;25 970 Kč;v 20 obchodech;https://televize.heureka.cz/samsung-qe55q70t/
Televisor;Samsung;UE65TU8502;18 422;29 990 Kč;v 10 obchodech;https://televize.heureka.cz/samsung-ue65tu8502/
Televisor;Philips;55OLED855;29 990;50 284 Kč;v 20 obchodech;https://televize.heureka.cz/philips-55oled855/
Televisor;Finlux;TV24FDM5660;6 790;7 499 Kč;v 6 obchodech;https://televize.heureka.cz/finlux-tv24fdm5660/
Televisor;Sencor;SLE;5 490;6 378 Kč;v 15 obchodech;https://televize.heureka.cz/sencor-sle-40f16tcs/
Televisor;Samsung;UE50TU7172;11 194;12 599 Kč;ve 4 obchodech;https://televize.heureka.cz/samsung-ue50tu7172/
Televisor;Sony;KD-55XH9096;24 989;24 999 Kč;v 6 obchodech;https://televize.heureka.cz/sony-kd-55xh9096/
Televisor;Metz;42MTC6000;5 990;9 290 Kč;v 5 obchodech;https://televize.heureka.cz/metz-42mtc6000/
Televisor;Samsung;UE55TU8502;13 990;16 990 Kč;ve 3 obchodech;https://televize.heureka.cz/samsung-ue55tu8502/
Televisor;Thomson;32HD3306;4 490;4 513 Kč;ve 4 obchodech;https://televize.heureka.cz/thomson-32hd3306/
Televisor;Thomson;32HE5606;5 490;6 362 Kč;v 8 obchodech;https://televize.heureka.cz/thomson-32he5606/
Televisor;Hisense;43AE7000F;7 989;8 643 Kč;v 13 obchodech;https://televize.heureka.cz/hisense-43ae7000f/
Televisor;Sencor;SLE;2 673;3 149 Kč;v 45 obchodech;https://televize.heureka.cz/sencor-sle-1963t/
Televisor;Samsung;UE75TU7092;23 325;29 990 Kč;v 37 obchodech;https://televize.heureka.cz/samsung-ue75tu7092/
Televisor;Samsung;UE32T5372;8 490;8 580 Kč;v 17 obchodech;https://televize.heureka.cz/samsung-ue32t5372/
Televisor;Samsung;QE32LS03TC;12 310;14 990 Kč;v 10 obchodech;https://televize.heureka.cz/samsung-qe32ls03tc/
Televisor;LG;70UN7100;19 990 Kč;no max price;vApollo Obr;https://www.heureka.cz/exit/apollo-obr-cz/3897219134/?z=48
Televisor;LG;43LM6300;8 089;8 490 Kč;ve 3 obchodech;https://televize.heureka.cz/lg-43lm6300/
Televisor;Thomson;32HD3326;3 790 Kč;no max price;ve 2 obchodech;https://televize.heureka.cz/thomson-32hd3326/
Televisor;Samsung;UE43TU8502;11 781;14 990 Kč;v 7 obchodech;https://televize.heureka.cz/samsung-ue43tu8502/
Televisor;Philips;58PUS8505;15 335;34 789 Kč;v 24 obchodech;https://televize.heureka.cz/philips-58pus8505/
Televisor;LG;OLED48CX;29 990;34 990 Kč;v 12 obchodech;https://televize.heureka.cz/lg-oled48cx/
Televisor;LG;49UN7300;8 990;10 169 Kč;v 12 obchodech;https://televize.heureka.cz/lg-49un7300/
Televisor;Philips;65PUS8505;21 290;29 999 Kč;v 26 obchodech;https://televize.heureka.cz/philips-65pus8505/
Televisor;Hisense;H55B7100;8 441 Kč;no max price;vExtreme Digital Zrt.;https://www.heureka.cz/exit/edigital-cz/3784019265/?z=48
Televisor;Panasonic;TX-55HZ980E;27 436;29 990 Kč;v 12 obchodech;https://televize.heureka.cz/panasonic-tx-55hz980e/
Televisor;LG;32LM630B;6 799;6 990 Kč;ve 4 obchodech;https://televize.heureka.cz/lg-32lm630b/
Televisor;Panasonic;TX-40FS503E;9 587;11 754 Kč;v 55 obchodech;https://televize.heureka.cz/panasonic-tx-40fs503e/
Televisor;LG;65UN8000;14 390;16 508 Kč;ve 3 obchodech;https://televize.heureka.cz/lg-65un8000/
Televisor;LG;49NANO80;10 390;13 008 Kč;v 34 obchodech;https://televize.heureka.cz/lg-49nano80/
Televisor;Panasonic;TX-58HX810E;14 990;17 990 Kč;v 8 obchodech;https://televize.heureka.cz/panasonic-tx-58hx810e/
Televisor;Samsung;QE55Q95T;29 990;49 990 Kč;v 21 obchodech;https://televize.heureka.cz/samsung-qe55q95t/
Televisor;Hisense;50AE7000F;8 489;9 998 Kč;v 9 obchodech;https://televize.heureka.cz/hisense-50ae7000f/
Televisor;Sony;Bravia;6 390;7 797 Kč;v 6 obchodech;https://televize.heureka.cz/sony-bravia-kdl-32we615/
Televisor;Sencor;SLE;2 890;3 790 Kč;v 34 obchodech;https://televize.heureka.cz/sencor-sle-22f62tcs/
Televisor;LG;43UP7690;10 552;14 522 Kč;v 29 obchodech;https://televize.heureka.cz/lg-43up7690/
Televisor;Sencor;SLE;3 590;4 430 Kč;v 35 obchodech;https://televize.heureka.cz/sencor-sle-3227t/
Televisor;Philips;55OLED705;23 590;24 999 Kč;v 11 obchodech;https://televize.heureka.cz/philips-55oled705/
Televisor;Vivax;40LE112T2S2;4 888;5 990 Kč;v 6 obchodech;https://televize.heureka.cz/vivax-40le112t2s2/
Televisor;TCL;43P610;6 490;8 990 Kč;v 33 obchodech;https://televize.heureka.cz/tcl-43p610/
Televisor;LG;55NANO81;13 089;19 990 Kč;v 10 obchodech;https://televize.heureka.cz/lg-55nano81/
Televisor;Sony;KD-55XH9505;29 990;39 480 Kč;v 13 obchodech;https://televize.heureka.cz/sony-kd-55xh9505/
Televisor;Hisense;32A5100F;3 990;4 766 Kč;v 13 obchodech;https://televize.heureka.cz/hisense-32a5100f/
Televisor;LG;49NANO81;11 490;19 990 Kč;v 7 obchodech;https://televize.heureka.cz/lg-49nano81/
Televisor;Sencor;SLE;5 690;6 441 Kč;v 43 obchodech;https://televize.heureka.cz/sencor-sle-43f17tcs/
Televisor;TCL;65C815;25 990 Kč;no max price;ve 3 obchodech;https://televize.heureka.cz/tcl-65c815/
Televisor;Philips;65PUS7805;15 990;21 999 Kč;v 7 obchodech;https://televize.heureka.cz/philips-65pus7805/
Televisor;Hisense;58AE7000F;10 499;12 590 Kč;v 17 obchodech;https://televize.heureka.cz/hisense-58ae7000f/
Televisor;Sony;KD-55A8;34 989;49 990 Kč;ve 3 obchodech;https://televize.heureka.cz/sony-kd-55a8/
Televisor;Strong;SRT24HZ4003;2 533;3 499 Kč;v 25 obchodech;https://televize.heureka.cz/strong-srt24hz4003/
Televisor;LG;OLED55C11;32 149;42 630 Kč;v 13 obchodech;https://televize.heureka.cz/lg-oled55c11/
Televisor;GoSAT;GS3260E;4 890;4 990 Kč;v 12 obchodech;https://televize.heureka.cz/gosat-gs3260e/
Televisor;GoSAT;GS3210E;3 490;3 799 Kč;v 9 obchodech;https://televize.heureka.cz/gosat-gs3210e/
Televisor;LG;65NANO80;16 590;32 990 Kč;v 24 obchodech;https://televize.heureka.cz/lg-65nano80/
Televisor;LG;55UN8100;12 354;16 990 Kč;v 8 obchodech;https://televize.heureka.cz/lg-55un8100/
Televisor;Philips;24PFS5505;3 859;4 949 Kč;v 29 obchodech;https://televize.heureka.cz/philips-24pfs5505/
Televisor;Samsung;UE32T4002;4 490;5 765 Kč;v 44 obchodech;https://televize.heureka.cz/samsung-ue32t4002/
Televisor;LG;75UN7100;23 490;29 990 Kč;v 7 obchodech;https://televize.heureka.cz/lg-75un7100/
Televisor;Samsung;QE55Q90T;29 999;44 990 Kč;ve 4 obchodech;https://televize.heureka.cz/samsung-qe55q90t/
Televisor;Metz;32MTC6000;4 990;5 990 Kč;v 5 obchodech;https://televize.heureka.cz/metz-32mtc6000/
Televisor;Philips;32PHS5505;4 370;7 031 Kč;v 61 obchodech;https://televize.heureka.cz/philips-32phs5505/
Televisor;Xiaomi;Mi;14 990 Kč;no max price;vPodmix.cz;https://www.heureka.cz/exit/podmix-cz/4146798631/?z=48
Televisor;Philips;55PUS7805;12 790;16 990 Kč;v 33 obchodech;https://televize.heureka.cz/philips-55pus7805/
Televisor;Sony;Bravia;11 490;15 207 Kč;v 25 obchodech;https://televize.heureka.cz/sony-bravia-kdl-50wf665/
Televisor;ECG;40;4 990;5 499 Kč;v 7 obchodech;https://televize.heureka.cz/ecg-40-f03t2s2/
Televisor;LG;75UN7070;23 333;24 990 Kč;ve 4 obchodech;https://televize.heureka.cz/lg-75un7070/
Televisor;Philips;70PUS8505;24 990;41 378 Kč;v 24 obchodech;https://televize.heureka.cz/philips-70pus8505/
Televisor;Sencor;SLE;5 699;6 012 Kč;v 21 obchodech;https://televize.heureka.cz/sencor-sle-43f16tcs/
Televisor;LG;OLED55GX;33 990;53 990 Kč;v 10 obchodech;https://televize.heureka.cz/lg-oled55gx/
Televisor;Hisense;43A7300F;8 490;9 990 Kč;v 13 obchodech;https://televize.heureka.cz/hisense-43a7300f/
Televisor;Xiaomi;Mi;11 800;12 491 Kč;ve 2 obchodech;https://televize.heureka.cz/xiaomi-mi-smart-tv-4s-43-l43m5-5asp/
Televisor;TCL;40S615;6 990;7 490 Kč;v 6 obchodech;https://televize.heureka.cz/tcl-40s615/
Televisor;Sencor;SLE;5 490;5 670 Kč;v 42 obchodech;https://televize.heureka.cz/sencor-sle-32s601/
Televisor;Metz;55MUC5000;8 990;10 389 Kč;v 5 obchodech;https://televize.heureka.cz/metz-55muc5000/
Televisor;Metz;32MTB2000;3 932;4 406 Kč;v 22 obchodech;https://televize.heureka.cz/metz-32mtb2000/
Televisor;Sony;KE-65XH9096;27 989;29 990 Kč;v 12 obchodech;https://televize.heureka.cz/sony-ke-65xh9096/
Televisor;Sony;KD-55XG7077;13 489 Kč;no max price;vSony Center;https://www.heureka.cz/exit/ellexgk-cz/3583742322/?z=48
Televisor;LG;50UN8100;9 848;12 653 Kč;v 12 obchodech;https://televize.heureka.cz/lg-50un8100/
Televisor;Philips;32PFS6805;6 190;9 024 Kč;v 28 obchodech;https://televize.heureka.cz/philips-32pfs6805/
Televisor;LG;32LM6380;7 738;9 062 Kč;v 26 obchodech;https://televize.heureka.cz/lg-32lm6380/
Televisor;GoSAT;GS4380;7 489;8 490 Kč;v 13 obchodech;https://televize.heureka.cz/gosat-gs4380/
Televisor;Philips;58PUS7505;9 990;15 990 Kč;v 29 obchodech;https://televize.heureka.cz/philips-58pus7505/
Televisor;Sencor;SLE;2 989;2 999 Kč;v 5 obchodech;https://televize.heureka.cz/sencor-sle-2469tcs/
Televisor;Philips;65PUS7354;17 990;26 999 Kč;v 5 obchodech;https://televize.heureka.cz/philips-65pus7354/
Televisor;Panasonic;TX-55HX580E;10 552;15 166 Kč;v 35 obchodech;https://televize.heureka.cz/panasonic-tx-55hx580e/
Televisor;Philips;55OLED805;28 139;34 990 Kč;v 10 obchodech;https://televize.heureka.cz/philips-55oled805/
Televisor;Philips;43PUS7805;9 074;12 990 Kč;v 19 obchodech;https://televize.heureka.cz/philips-43pus7805/
Televisor;Hisense;40A5600F;5 627;8 350 Kč;v 19 obchodech;https://televize.heureka.cz/hisense-40a5600f/
Televisor;Hisense;55AE7000F;9 489;9 490 Kč;ve 4 obchodech;https://televize.heureka.cz/hisense-55ae7000f/
Televisor;Samsung;UE50TU8072;11 489;15 990 Kč;v 13 obchodech;https://televize.heureka.cz/samsung-ue50tu8072/
Televisor;Thomson;55UG6400;10 990;13 990 Kč;v 9 obchodech;https://televize.heureka.cz/thomson-55ug6400/
Televisor;Sony;KD-65XG7005;14 990;16 790 Kč;ve 3 obchodech;https://televize.heureka.cz/sony-kd-65xg7005/
Televisor;Samsung;UE75TU7172;24 987;27 990 Kč;v 11 obchodech;https://televize.heureka.cz/samsung-ue75tu7172/
Televisor;TCL;32S615;5 489;5 990 Kč;v 12 obchodech;https://televize.heureka.cz/tcl-32s615/
Televisor;LG;43UN8100;9 989;11 490 Kč;v 18 obchodech;https://televize.heureka.cz/lg-43un8100/
Televisor;Finlux;24FDMF5760;7 499 Kč;no max price;vatoselektro.cz;https://www.heureka.cz/exit/shop-atoselektro-cz/4320266856/?z=48
Televisor;ECG;24;2 699;3 299 Kč;v 12 obchodech;https://televize.heureka.cz/ecg-24-h04t2s2/
Televisor;Philips;43PUS7505;7 942;12 324 Kč;v 29 obchodech;https://televize.heureka.cz/philips-43pus7505/
Televisor;Samsung;UE32T5302;6 331 Kč;no max price;vExtreme Digital Zrt.;https://www.heureka.cz/exit/edigital-cz/4231615125/?z=48
Televisor;Philips;75PUS8505;29 990;46 718 Kč;v 6 obchodech;https://televize.heureka.cz/philips-75pus8505/
Televisor;Samsung;QE50QN90A;31 490 Kč;no max price;v 6 obchodech;https://televize.heureka.cz/samsung-qe50qn90a/
Televisor;TCL;32DD420;3 689;4 990 Kč;v 30 obchodech;https://televize.heureka.cz/tcl-32dd420/
Televisor;Samsung;UE43AU9072;14 021;15 990 Kč;v 33 obchodech;https://televize.heureka.cz/samsung-ue43au9072/
Televisor;Sony;KE-55XH9096;18 290;25 171 Kč;v 11 obchodech;https://televize.heureka.cz/sony-ke-55xh9096/
Televisor;Sencor;SLE;6 999;10 165 Kč;v 43 obchodech;https://televize.heureka.cz/sencor-sle-43us601/
Televisor;LG;55UN7400;10 690;14 466 Kč;v 25 obchodech;https://televize.heureka.cz/lg-55un7400/
Televisor;LG;55EG9A7V;21 780 Kč;no max price;vTEshop;https://www.heureka.cz/exit/teshop-cz/2840437164/?z=48
Televisor;TCL;55C815;17 890;21 990 Kč;v 6 obchodech;https://televize.heureka.cz/tcl-55c815/
Televisor;Samsung;QE65Q95T;38 990;69 990 Kč;v 18 obchodech;https://televize.heureka.cz/samsung-qe65q95t/
Televisor;Sony;KD-55AG9;37 284;52 990 Kč;v 9 obchodech;https://televize.heureka.cz/sony-kd-55ag9/
Televisor;Sony;KD-85XH8096;49 989;61 360 Kč;v 22 obchodech;https://televize.heureka.cz/sony-kd-85xh8096/
Televisor;Hyundai;FLN;3 989;4 033 Kč;v 6 obchodech;https://televize.heureka.cz/hyundai-fln-24t459-smart/
Televisor;Hyundai;HLJ;4 502;6 409 Kč;v 15 obchodech;https://televize.heureka.cz/hyundai-hlj-32854/
Televisor;Samsung;UE43TU7092;9 798;11 990 Kč;v 20 obchodech;https://televize.heureka.cz/samsung-ue43tu7092/
Televisor;Samsung;QE43Q67T;14 990 Kč;no max price;v 5 obchodech;https://televize.heureka.cz/samsung-qe43q67t/
Televisor;LG;24TN510S;4 390;14 990 Kč;v 41 obchodech;https://televize.heureka.cz/lg-24tn510s/
Televisor;JVC;LT-32VF4905;4 799;4 886 Kč;v 5 obchodech;https://televize.heureka.cz/jvc-lt-32vf4905/
Televisor;GoGEN;TVF;2 990;3 386 Kč;v 22 obchodech;https://televize.heureka.cz/gogen-tvf-22p202t/
Televisor;Strong;SRT24HC4023;2 638;4 342 Kč;v 23 obchodech;https://televize.heureka.cz/strong-srt24hc4023/
Televisor;Samsung;UE50AU9072;15 556;18 294 Kč;v 65 obchodech;https://televize.heureka.cz/samsung-ue50au9072/
Televisor;Sony;KD-43XH8096;12 310;19 325 Kč;v 48 obchodech;https://televize.heureka.cz/sony-kd-43xh8096/
Televisor;Sony;KE-55A8;28 069;41 990 Kč;v 14 obchodech;https://televize.heureka.cz/sony-ke-55a8/
Televisor;Sony;KD-65XH9505;39 989;39 990 Kč;ve 3 obchodech;https://televize.heureka.cz/sony-kd-65xh9505/
Televisor;LG;43UN8000;9 848;9 990 Kč;ve 2 obchodech;https://televize.heureka.cz/lg-43un8000/
Televisor;Samsung;QE75Q64T;34 777;49 990 Kč;v 35 obchodech;https://televize.heureka.cz/samsung-qe75q64t/
Televisor;LG;65UN8100;18 343;22 990 Kč;v 5 obchodech;https://televize.heureka.cz/lg-65un8100/
Televisor;Samsung;QE55Q77T;19 990;22 990 Kč;v 12 obchodech;https://televize.heureka.cz/samsung-qe55q77t/
Televisor;TCL;40ES560;6 990;8 921 Kč;v 29 obchodech;https://televize.heureka.cz/tcl-40es560/
Televisor;LG;55UN7300;10 903;15 990 Kč;v 25 obchodech;https://televize.heureka.cz/lg-55un7300/
Televisor;ECG;32;3 990;5 509 Kč;v 24 obchodech;https://televize.heureka.cz/ecg-32-h06t2s2/
Televisor;TCL;55C715;14 300;16 215 Kč;v 14 obchodech;https://televize.heureka.cz/tcl-55c715/
Televisor;Star-Light;55SLTA8500USA;7 667 Kč;no max price;vExtreme Digital Zrt.;https://www.heureka.cz/exit/edigital-cz/3835752310/?z=48
Televisor;Sony;Bravia;8 793;14 161 Kč;v 44 obchodech;https://televize.heureka.cz/sony-bravia-kdl-43wf665/
Televisor;Panasonic;TX-55HX940E;19 988;26 490 Kč;v 13 obchodech;https://televize.heureka.cz/panasonic-tx-55hx940e/
Televisor;VIVAX;TV-43S60T2S2;4 868;6 895 Kč;ve 2 obchodech;https://televize.heureka.cz/vivax-tv-43s60t2s2/
Televisor;GoGEN;TVF;4 990;5 990 Kč;v 5 obchodech;https://televize.heureka.cz/gogen-tvf-32r528s/
Televisor;GoGEN;TVF;3 790;4 394 Kč;v 15 obchodech;https://televize.heureka.cz/gogen-tvf-22p406/
Televisor;Sencor;SLE;3 800;4 431 Kč;v 46 obchodech;https://televize.heureka.cz/sencor-sle-3229t/
Televisor;Philips;24PHS4304;3 490;4 499 Kč;ve 4 obchodech;https://televize.heureka.cz/philips-24phs4304/
Televisor;Hitachi;24HE2100;3 999;4 558 Kč;v 13 obchodech;https://televize.heureka.cz/hitachi-24he2100/
Televisor;Panasonic;TX-40HX810E;13 990 Kč;no max price;v 10 obchodech;https://televize.heureka.cz/panasonic-tx-40hx810e/
Televisor;Hisense;43A7100F;6 542;9 990 Kč;v 8 obchodech;https://televize.heureka.cz/hisense-43a7100f/
Televisor;LG;65NANO86;22 990;33 990 Kč;v 7 obchodech;https://televize.heureka.cz/lg-65nano86/
Televisor;LG;75NANO91;66 990 Kč;no max price;vLG-store.cz;https://www.heureka.cz/exit/lg-store-cz/4348005848/?z=48
Televisor;TCL;55C725;19 990;21 770 Kč;v 7 obchodech;https://televize.heureka.cz/tcl-55c725/
Televisor;Thomson;40FE5606;7 479;7 659 Kč;v 7 obchodech;https://televize.heureka.cz/thomson-40fe5606/
Televisor;LG;65UN8500;19 694;27 990 Kč;v 12 obchodech;https://televize.heureka.cz/lg-65un8500/
Televisor;Hisense;LHD32D33SEU;3 299 Kč;no max price;vmamevsechno.cz;https://www.heureka.cz/exit/mamevsechno-cz/3439156222/?z=48
Televisor;Philips;65OLED855;44 990;73 284 Kč;v 14 obchodech;https://televize.heureka.cz/philips-65oled855/
Televisor;LG;24TL520S;4 390 Kč;no max price;vMALL.CZ;https://www.heureka.cz/exit/mall-cz/3980459471/?z=48
Televisor;Thomson;43UG6400;8 490;9 990 Kč;v 7 obchodech;https://televize.heureka.cz/thomson-43ug6400/
Televisor;Sony;KD-49XH8096;13 225;22 073 Kč;v 55 obchodech;https://televize.heureka.cz/sony-kd-49xh8096/
Televisor;Hisense;50A7500F;8 441;12 999 Kč;v 10 obchodech;https://televize.heureka.cz/hisense-50a7500f/
Televisor;Panasonic;TX-55HX710E;13 990;17 283 Kč;v 30 obchodech;https://televize.heureka.cz/panasonic-tx-55hx710e/
Televisor;Samsung;QE75Q80T;54 990;79 990 Kč;v 28 obchodech;https://televize.heureka.cz/samsung-qe75q80t/
Televisor;Samsung;UE50TU7022;11 045;11 945 Kč;ve 2 obchodech;https://televize.heureka.cz/samsung-ue50tu7022/
Televisor;Sony;KD-49XH9505;22 990;31 999 Kč;v 8 obchodech;https://televize.heureka.cz/sony-kd-49xh9505/
Televisor;Thomson;65UG6300;13 990;14 723 Kč;ve 4 obchodech;https://televize.heureka.cz/thomson-65ug6300/
Televisor;Orava;LT-634;2 690;4 942 Kč;v 26 obchodech;https://televize.heureka.cz/orava-lt-634/
Televisor;Sony;Bravia;8 441 Kč;no max price;vExtreme Digital Zrt.;https://www.heureka.cz/exit/edigital-cz/2756755159/?z=48
Televisor;Panasonic;TX-50HX580E;9 145;12 715 Kč;v 42 obchodech;https://televize.heureka.cz/panasonic-tx-50hx580e/
Televisor;Sony;KD-65XG7077;14 990 Kč;no max price;vCZC.cz;https://www.heureka.cz/exit/czc-cz/4020806814/?z=48
Televisor;Sencor;SLE;8 666 Kč;no max price;vApollo Obr;https://www.heureka.cz/exit/apollo-obr-cz/3983099353/?z=48
Televisor;Sencor;SLE;7 950 Kč;no max price;vTaktrochujineelektro.cz;https://www.heureka.cz/exit/taktrochujineelektro-cz/3696169856/?z=48
Televisor;Samsung;QE75Q60T;37 800;49 489 Kč;v 5 obchodech;https://televize.heureka.cz/samsung-qe75q60t/
Televisor;LG;50UN7400;9 990;12 556 Kč;v 25 obchodech;https://televize.heureka.cz/lg-50un7400/
Televisor;GoGEN;TVH;3 354;4 899 Kč;v 11 obchodech;https://televize.heureka.cz/gogen-tvh-32p452t/
Televisor;LG;OLED77CX;88 850;94 990 Kč;v 9 obchodech;https://televize.heureka.cz/lg-oled77cx/
Televisor;LG;55UN7000;9 848;10 990 Kč;ve 3 obchodech;https://televize.heureka.cz/lg-55un7000/
Televisor;Samsung;QE65Q77T;27 690;33 243 Kč;v 17 obchodech;https://televize.heureka.cz/samsung-qe65q77t/
Televisor;Finlux;22FDMF4760;6 490;6 590 Kč;v 5 obchodech;https://televize.heureka.cz/finlux-22fdmf4760/
Televisor;Sony;KD-55XH8096;20 990;21 690 Kč;ve 2 obchodech;https://televize.heureka.cz/sony-kd-55xh8096/
Televisor;Toshiba;32L3063DG;5 989;6 489 Kč;v 36 obchodech;https://televize.heureka.cz/toshiba-32l3063dg/
Televisor;Sony;KD-55XH9077;19 990;24 990 Kč;ve 4 obchodech;https://televize.heureka.cz/sony-kd-55xh9077/
Televisor;Metz;43MUC7000;5 290;11 094 Kč;v 23 obchodech;https://televize.heureka.cz/metz-43muc7000/
Televisor;Samsung;QE65Q95TCTXXH;35 990;47 293 Kč;v 37 obchodech;https://televize.heureka.cz/samsung-qe65q95tctxxh/
Televisor;Vivax;43S60T2S2;6 998;6 999 Kč;ve 2 obchodech;https://televize.heureka.cz/vivax-43s60t2s2/
Televisor;LG;OLED55B13LA;30 250;39 990 Kč;v 22 obchodech;https://televize.heureka.cz/lg-oled55b13la/
Televisor;Hisense;55U7QF;12 451;18 990 Kč;v 19 obchodech;https://televize.heureka.cz/hisense-55u7qf/
Televisor;Hisense;40A5100F;5 990;7 579 Kč;v 21 obchodech;https://televize.heureka.cz/hisense-40a5100f/
Televisor;Strong;SRT40FC4003;5 390;6 569 Kč;v 32 obchodech;https://televize.heureka.cz/strong-srt40fc4003/
Televisor;Philips;43PFS5505;6 989;8 716 Kč;v 43 obchodech;https://televize.heureka.cz/philips-43pfs5505/
Televisor;Samsung;QE50Q80T;22 899;22 990 Kč;ve 2 obchodech;https://televize.heureka.cz/samsung-qe50q80t/
Televisor;Panasonic;TX-43HX580E;9 989;11 863 Kč;v 52 obchodech;https://televize.heureka.cz/panasonic-tx-43hx580e/
Televisor;Sony;KD-55X7055;13 989;19 790 Kč;v 36 obchodech;https://televize.heureka.cz/sony-kd-55x7055/
Televisor;LG;OLED55A13LA;27 436;37 490 Kč;v 24 obchodech;https://televize.heureka.cz/lg-oled55a13la/
Televisor;Samsung;QE55Q700T;30 742;46 790 Kč;v 5 obchodech;https://televize.heureka.cz/samsung-qe55q700t/
Televisor;Hisense;65U8QF;27 990;34 259 Kč;v 16 obchodech;https://televize.heureka.cz/hisense-65u8qf/
Televisor;LG;70UN7070;15 990;17 777 Kč;ve 2 obchodech;https://televize.heureka.cz/lg-70un7070/
Televisor;Hisense;55U8QF;18 990;28 089 Kč;v 19 obchodech;https://televize.heureka.cz/hisense-55u8qf/
Televisor;Toshiba;32LA3B63DG;6 695;8 310 Kč;v 30 obchodech;https://televize.heureka.cz/toshiba-32la3b63dg/
Televisor;Sencor;SLE;6 915;8 051 Kč;v 22 obchodech;https://televize.heureka.cz/sencor-sle-43fs601/
Televisor;Sony;KD-43XH8077;13 990;17 889 Kč;v 29 obchodech;https://televize.heureka.cz/sony-kd-43xh8077/
Televisor;Strong;SRT;3 690 Kč;no max price;ve 2 obchodech;https://televize.heureka.cz/strong-srt-32hb3003/
Televisor;TCL;65P715;14 990 Kč;no max price;viSPACE.cz;https://www.heureka.cz/exit/ispace-cz/4259548314/?z=48
Televisor;Samsung;QE65Q75T;29 990 Kč;no max price;vElectro World;https://www.heureka.cz/exit/electroworld-cz/3759955284/?z=48
Televisor;LG;OLED55B9;27 990;32 990 Kč;vApollo Obr;https://www.heureka.cz/exit/apollo-obr-cz/3760569996/?z=48
Televisor;SENCOR;50US600TCSB;10 490 Kč;no max price;vMALL.CZ;https://www.heureka.cz/exit/mall-cz/3751939947/?z=48
Televisor;Philips;32PHS6605;5 135;7 818 Kč;v 25 obchodech;https://televize.heureka.cz/philips-32phs6605/
Televisor;Philips;55PUS7304;12 997 Kč;no max price;vElectro World;https://www.heureka.cz/exit/electroworld-cz/4254251214/?z=48
Televisor;LG;50UN8000;9 145;12 486 Kč;ve 3 obchodech;https://televize.heureka.cz/lg-50un8000/
Televisor;Orava;LT-843;5 034;6 499 Kč;v 26 obchodech;https://televize.heureka.cz/orava-lt-843/
Televisor;Samsung;QE50Q65T;15 830;15 990 Kč;ve 3 obchodech;https://televize.heureka.cz/samsung-qe50q65t/
Televisor;GoGEN;TVF;4 390;5 990 Kč;v 17 obchodech;https://televize.heureka.cz/gogen-tvf-32p559t/
Televisor;Philips;55OLED935;53 100;59 999 Kč;v 14 obchodech;https://televize.heureka.cz/philips-55oled935/
Televisor;Sony;KD-48A9;33 990;48 497 Kč;v 10 obchodech;https://televize.heureka.cz/sony-kd-48a9/
Televisor;Finlux;24FHE5760;4 990;5 070 Kč;v 9 obchodech;https://televize.heureka.cz/finlux-24fhe5760/
Televisor;GoSat;GS4360;6 490;6 665 Kč;v 6 obchodech;https://televize.heureka.cz/gosat-gs4360-smart/
Televisor;LG;75UN8100;24 990;29 208 Kč;v 16 obchodech;https://televize.heureka.cz/lg-75un8100/
Televisor;Hyundai;HLR;3 790;4 102 Kč;v 9 obchodech;https://televize.heureka.cz/hyundai-hlr-24ts554/
Televisor;TCL;50C715;13 490;15 990 Kč;v 27 obchodech;https://televize.heureka.cz/tcl-50c715/
Televisor;Philips;50PUS7505;8 301;12 990 Kč;v 25 obchodech;https://televize.heureka.cz/philips-50pus7505/
Televisor;Philips;58PUS8555;16 686;32 822 Kč;v 5 obchodech;https://televize.heureka.cz/philips-58pus8555/
Televisor;Sony;Bravia;9 990;10 490 Kč;ve 3 obchodech;https://televize.heureka.cz/sony-bravia-kdl-32wd759/
Televisor;LG;75UN8500;29 990;34 990 Kč;ve 2 obchodech;https://televize.heureka.cz/lg-75un8500/
Televisor;Panasonic;TX-24FS503E;5 396;6 990 Kč;v 40 obchodech;https://televize.heureka.cz/panasonic-tx-24fs503e/
Televisor;JVC;LT-43VA3035;7 034;10 003 Kč;v 12 obchodech;https://televize.heureka.cz/jvc-lt-43va3035/
Televisor;Sony;KE-75XH9096;36 990;45 037 Kč;v 10 obchodech;https://televize.heureka.cz/sony-ke-75xh9096/
Televisor;Samsung;QE55LS01T;27 990;34 990 Kč;v 44 obchodech;https://televize.heureka.cz/samsung-qe55ls01t/
Televisor;Philips;55PUS7855;11 255;16 990 Kč;v 13 obchodech;https://televize.heureka.cz/philips-55pus7855/
